Name,Theme,Type,Neighborhood,What it is,Why we flagged it,Link,Google Maps,Latitude,Longitude,Pin precision,Day
Senso-ji,Photography,See,Asakusa,Tokyo's oldest temple + Nakamise street,"The ""downbeat"" temple — 7am, empty, first roll",https://www.senso-ji.jp/,https://www.google.com/maps/search/?api=1&query=Senso-ji%20Asakusa%20Tokyo%20Japan,35.7148,139.7967,exact,
Meiji Jingu,Core/other,See,Harajuku,Forest shrine inside the city,"The deliberate ""rest"" between loud days",https://www.meijijingu.or.jp/,https://www.google.com/maps/search/?api=1&query=Meiji%20Jingu%20Harajuku%20Tokyo%20Japan,35.6764,139.6993,exact,
Nezu Shrine,Photography,See,Nezu/Yanaka,Quiet shrine with a red torii tunnel,Fushimi-Inari-style gates without crowds; folds into Yanaka,,https://www.google.com/maps/search/?api=1&query=Nezu%20Shrine%20Nezu%20Tokyo%20Japan,35.7202,139.7605,exact,
Kanda Myojin,Core/other,See,Sotokanda,Ornate shrine near Akihabara,Tech-and-tradition combo; pairs with Akihabara,,https://www.google.com/maps/search/?api=1&query=Kanda%20Myojin%20Sotokanda%20Tokyo%20Japan,35.7019,139.7679,exact,
Atago Shrine,Core/other,See,Atago,"Hilltop shrine up the ""success stairs""","Quick, quirky, photogenic climb",,https://www.google.com/maps/search/?api=1&query=Atago%20Shrine%20Atago%20Tokyo%20Japan,35.6656,139.7495,exact,
Shibuya Sky,View,See,Shibuya,Open-air rooftop observation deck,"The ""wow"" view — book sunset ~1 month out",https://www.shibuya-scramble-square.com/sky/,https://www.google.com/maps/search/?api=1&query=Shibuya%20Sky%20Shibuya%20Tokyo%20Japan,35.658,139.7016,exact,
Asakusa free deck,View,See,Asakusa,8F terrace at the Culture Center,Free Skytree-and-temple view on your doorstep,,https://www.google.com/maps/search/?api=1&query=Asakusa%20Culture%20Tourist%20Information%20Center%20Asakusa%20Tokyo%20Japan,35.711,139.7966,exact,
Miyashita Park,Core/other,See,Shibuya,Rooftop park over the shopping deck,Free green escape; pairs with Shibuya evening,,https://www.google.com/maps/search/?api=1&query=Miyashita%20Park%20Shibuya%20Tokyo%20Japan,35.6614,139.7014,exact,
Hotel Chinzanso Garden,Photography,See,Bunkyo,Hillside garden with evening mist show,Fog-and-lantern dreamscape; dusk only,,https://www.google.com/maps/search/?api=1&query=Hotel%20Chinzanso%20Tokyo%20Bunkyo%20Tokyo%20Japan,35.7113,139.7253,exact,
Map Camera,Photography,Shop,Shinjuku,6 floors of graded used cameras,Buy-a-film-camera day; tax-free; film at Yodobashi next door,https://www.mapcamera.com/,https://www.google.com/maps/search/?api=1&query=Map%20Camera%20Shinjuku%20Tokyo%20Japan,35.6905,139.6985,exact,
Fujiya Camera,Photography,Shop,Nakano,80-year dealer at Nakano Broadway,Half the 2nd floor is Mamiya + Hasselblad,https://www.fujiya-camera.co.jp/shop/default.aspx,https://www.google.com/maps/search/?api=1&query=Fujiya%20Camera%20Nakano%20Tokyo%20Japan,35.708,139.665,exact,
Yodobashi Camera,Photography,Shop,Shinjuku,Mega electronics + film stock,"Cheap film, batteries; steps from Map Camera",,https://www.google.com/maps/search/?api=1&query=Yodobashi%20Camera%20Shinjuku%20Tokyo%20Japan,35.6899,139.6976,exact,
Sekaido,Drawing,Shop,Shinjuku,5-floor discount art-supply store,Load up on sketchbooks and pens,,https://www.google.com/maps/search/?api=1&query=Sekaido%20Shinjuku%20Tokyo%20Japan,35.6925,139.7051,exact,
Pigment Tokyo,Drawing,Shop,Tennozu,"Gallery-store of ~4,500 pigments",A cathedral of materials; workshops bookable,https://pigment.tokyo/,https://www.google.com/maps/search/?api=1&query=Pigment%20Tokyo%20Tennozu%20Isle%20Tokyo%20Japan,35.618,139.7495,exact,
Jimbocho,Drawing,Shop,Jimbocho,Secondhand + art-book town,"""Coolest neighborhood"" per Time Out; vintage prints",,https://www.google.com/maps/search/?api=1&query=Jimbocho%20book%20town%20Chiyoda%20Tokyo%20Japan,35.6957,139.7578,exact,
Five G Music Technology,Sound/gear,Shop,Harajuku,Legendary vintage synth + eurorack shop,The pilgrimage stop; around the corner from Fender flagship,,https://www.google.com/maps/search/?api=1&query=Five%20G%20Music%20Technology%20Harajuku%20Tokyo%20Japan,35.6706,139.7069,exact,
Echigoya Music,Sound/gear,Shop,Shibuya,"Vintage synths + eurorack, near Tower Records","Smaller Five G; 10 min from Shibuya, pairs with Shibuya Sky",,https://www.google.com/maps/search/?api=1&query=Echigoya%20Music%20Shibuya%20Tokyo%20Japan,35.662,139.699,area,
Wurly's by Miyaji Music,Sound/gear,Shop,Akihabara,Newer modular/electronic shop,Fits the Akihabara sampling + arcade stop,,https://www.google.com/maps/search/?api=1&query=Wurly's%20by%20Miyaji%20Music%20Akihabara%20Tokyo%20Japan,35.699,139.771,area,
SUBTOKYOSHOP Music Gears,Sound/gear,Shop,Tokyo,Vintage synth + pro-audio specialist since 2012,"Serviced vintage gear, 1-month warranty; very your world",https://subtokyoshop.com/,https://www.google.com/maps/search/?api=1&query=SUBTOKYOSHOP%20Music%20Gears%20Tokyo%20Japan,35.6812,139.7671,area,
ClockFace Modular,Sound/gear,Shop,Tokyo (showroom),"Modular showroom you can try, owner Rintaro",Email ahead; brings new euro modules to Japan,,https://www.google.com/maps/search/?api=1&query=ClockFace%20Modular%20Tokyo%20Japan,35.6812,139.7671,area,
Tokyo Tape Music Center,Sound/gear,Shop,Tokyo,Buchla + eurorack specialist,West-Coast-synthesis corner; confirm hours,https://tokyo-tape-music-center.com/,https://www.google.com/maps/search/?api=1&query=Tokyo%20Tape%20Music%20Center%20Tokyo%20Japan,35.6812,139.7671,area,
Ochanomizu music street,Drums,Shop,Ochanomizu,Blocks of instrument shops,Walls of gear incl. traditional; gear-nerd heaven,,https://www.google.com/maps/search/?api=1&query=Ochanomizu%20musical%20instrument%20street%20Tokyo%20Japan,35.6995,139.765,exact,
Fullcount Tokyo,Menswear,Shop,Harajuku,Osaka Five heritage raw-denim brand,Called one of the best raw-denim spots in Tokyo,,https://www.google.com/maps/search/?api=1&query=Fullcount%20Tokyo%20Harajuku%20Tokyo%20Japan,35.669,139.707,area,
Studio D'Artisan,Menswear,Shop,Harajuku,"Original ""Osaka Five"" label",Revived old techniques; full range at Harajuku store,,https://www.google.com/maps/search/?api=1&query=Studio%20D'Artisan%20Harajuku%20Tokyo%20Japan,35.67,139.706,area,
Samurai Jeans,Menswear,Shop,Harajuku,"Heavyweight raw denim, est. 1997","Wagyu-leather patches, own cotton; cult following",,https://www.google.com/maps/search/?api=1&query=Samurai%20Jeans%20Harajuku%20Tokyo%20Japan,35.6695,139.7065,area,
Hinoya,Menswear,Shop,Ueno/Okachimachi,Multi-brand denim strip,"Momotaro, Samurai, KAPITAL under one roof — compare makers",,https://www.google.com/maps/search/?api=1&query=Hinoya%20Okachimachi%20Ueno%20Tokyo%20Japan,35.707,139.774,exact,
Iron Heart,Menswear,Shop,Ebisu,Heavyweight workwear denim,"14oz to a stiff 25oz; the ""nappy"" heavyweight pick",,https://www.google.com/maps/search/?api=1&query=Iron%20Heart%20Ebisu%20Tokyo%20Japan,35.6467,139.71,area,
Momotaro Jeans,Menswear,Shop,Aoyama,Premium authentic Japanese denim,Often called the best denim purchase in Japan,,https://www.google.com/maps/search/?api=1&query=Momotaro%20Jeans%20Aoyama%20Tokyo%20Japan,35.665,139.712,area,
Evisu,Menswear,Shop,Daikanyama,"Osaka Five flagship, raw selvedge",Full collection at the Daikanyama flagship,,https://www.google.com/maps/search/?api=1&query=Evisu%20Daikanyama%20Tokyo%20Japan,35.6485,139.703,area,
Edwin flagship,Menswear,Shop,Tokyo,Multi-level range + free hemming/tapering,"Expert tailors dial in the break — the ""souvenir you wear""",,https://www.google.com/maps/search/?api=1&query=Edwin%20flagship%20store%20Tokyo%20Japan,35.6812,139.7671,area,
Makers Pride of Craft,Menswear,Shop,Daikanyama,Custom denim workshop,Build a pair yourself — rhymes with the taiko-lesson thread,,https://www.google.com/maps/search/?api=1&query=Makers%20Pride%20of%20Craft%20Daikanyama%20Tokyo%20Japan,35.649,139.7035,area,
Eva Kestner International Taiko Drum Academy,Drums,Do,Daikanyama,90-minute hands-on taiko workshop or private lesson with professional bilingual taiko drummer Eva Kestner.,"Probably the strongest lesson option for a musically interested parent and teen: Eva teaches in English, works with beginners and experienced players, and teaches children as young as four. The emphasis is on actual technique, rhythm and playing rather than simply a tourist demonstration.",https://www.eva-kestner.com/lessons,https://www.google.com/maps/search/?api=1&query=Eva%20Kestner%20International%20Taiko%20Drum%20Academy%20Mirai%20Taiko%20Studio%20Daikanyama%20Tokyo,35.651,139.703,area,
Taiko no Tatsujin arcade,Drums,Do,Akihabara,Arcade game with a real drum,The hi/lo rhyme after the real lesson,,https://www.google.com/maps/search/?api=1&query=Taiko%20no%20Tatsujin%20arcade%20Akihabara%20Tokyo%20Japan,35.699,139.7715,area,
Game Center Mikado,Core/other,Do,Takadanobaba,Floors of vintage arcade cabinets,Retro analog-nostalgia; on the way to Nakano,,https://www.google.com/maps/search/?api=1&query=Game%20Center%20Mikado%20Takadanobaba%20Tokyo%20Japan,35.713,139.704,exact,
Livehouse gig,Drums,Do,Shimokitazawa,Small-club local band show,All-ages (1-drink min); check Tokyo Gig Guide in Sept,https://www.tokyogigguide.com/,https://www.google.com/maps/search/?api=1&query=Live%20house%20Shimokitazawa%20Tokyo%20Japan,35.6613,139.668,area,
TAIKO-LAB Aoyama,Drums,Do,Aoyama,Dedicated taiko school offering a 60-minute English-language hands-on Japanese drumming experience.,"Very easy to integrate into a Tokyo trip: professional instruction, drums and sticks are provided, beginners are welcome regardless of age, and the session builds toward playing a complete piece before an instructor performs a taiko solo.",https://www.taikolab.com/world/,https://www.google.com/maps/search/?api=1&query=TAIKO-LAB%20Aoyama%203-1-30%20Jingumae%20Tokyo,35.67,139.714,area,
Oedo Sukeroku Taiko Dojo,Drums,Do,Sotokanda,Private and small-group taiko lessons taught in English or Japanese by professional Oedo Sukeroku Taiko players.,"A more traditional and serious alternative to a packaged visitor experience. The dojo explicitly offers 1- and 1.5-hour lessons for travelers and families, including complete beginners, and lets you learn directly from professional performers in the influential Oedo Sukeroku taiko tradition.",https://oedosukerokutaiko.com/htm/school_foreigner_english.html,https://www.google.com/maps/search/?api=1&query=Oedo%20Sukeroku%20Taiko%202-1-13%20Sotokanda%20Tokyo,35.7,139.769,area,
HIBIKUS Asakusa Basement,Drums,Do,Asakusa,Taiko school and workshop studio beneath the headquarters of historic Japanese drum maker Miyamoto Unosuke Shoten.,"Especially appealing if staying in Asakusa: this is a real taiko school rather than a tourist attraction, professional players teach there, and the school accepts students from age three upward. The unusual basement studio occupies a historic space once used to store mikoshi and later as an air-raid shelter.",https://www.hibikus.com/taiko-school/asakusa,https://www.google.com/maps/search/?api=1&query=HIBIKUS%20Asakusa%20Basement%206-1-15%20Asakusa%20Tokyo,35.717,139.8,area,
Taikokan Drum Museum,Drums,See,Nishi-Asakusa,"Small specialist museum created by Miyamoto Unosuke Shoten with hundreds of Japanese and international drums, including instruments visitors can actually play.","A particularly good companion to a taiko lesson for a drummer: the collection contains roughly 800 drums, selected exhibits marked with a musical-note symbol can be played, and the Miyamoto Unosuke shop downstairs sells taiko, bachi and other traditional percussion equipment.",https://www.miyamoto-unosuke.co.jp/pages/museum,https://www.google.com/maps/search/?api=1&query=Taikokan%20Drum%20Museum%20Miyamoto%20Unosuke%202-1-1%20Nishiasakusa%20Tokyo,35.711,139.79,area,
"ZAKURO SHOW — October 23, 2026",Drums,See,Harajuku,"October 23, 2026 bilingual one-hour live concert featuring taiko alongside koto, shamisen, shakuhachi and other traditional Japanese instruments.","Confirmed for October 23 during the Tokyo trip. It is an intimate performance with top-level traditional musicians only a few feet from the audience, with English explanations of the instruments and music. This is broader than a pure taiko concert but provides a strong live-performance counterpart to a hands-on taiko lesson.",https://www.zakuroshow.com/en,https://www.google.com/maps/search/?api=1&query=Hall%2060%206-34-14%20Jingumae%20Harajuku%20Tokyo,35.669,139.703,area,
Round1 Spo-Cha,Core/other,Do,Various,All-you-can-play sports arena,Real half-court hoops; energy burn for a teen,,https://www.google.com/maps/search/?api=1&query=Round1%20Spo-Cha%20Tokyo%20Japan,35.7295,139.7115,area,
Joypolis,VR/tech,Do,Odaiba,Sega indoor VR theme park,"VR rides, motion sims; teen, indoor half-day",https://tokyo-joypolis.com/,https://www.google.com/maps/search/?api=1&query=Tokyo%20Joypolis%20Odaiba%20Tokyo%20Japan,35.627,139.776,exact,
Red° Tokyo Tower,VR/tech,Do,Tokyo Tower,Multi-floor e-sports + VR playground,"VR, racing sims; central and flashy",,https://www.google.com/maps/search/?api=1&query=RED%20TOKYO%20TOWER%20Minato%20Tokyo%20Japan,35.6586,139.7454,exact,
teamLab Planets,VR/tech,Do,Toyosu,Barefoot immersive digital-art museum,Book Oct tickets late July; wear shorts,https://teamlabplanets.dmm.com/en/,https://www.google.com/maps/search/?api=1&query=teamLab%20Planets%20TOKYO%20Toyosu%20Tokyo%20Japan,35.6497,139.79,exact,
Small Worlds,VR/tech,Do,Ariake,World's biggest indoor miniatures,Eva hangar; wildly photogenic,https://smallworlds.jp/,https://www.google.com/maps/search/?api=1&query=SMALL%20WORLDS%20TOKYO%20Ariake%20Tokyo%20Japan,35.635,139.793,exact,
Capybara Cafe Moffu,Capybara,Animals,Harajuku,Hang-out cafe with capybaras,In-city capybara fix on Takeshita St,,https://www.google.com/maps/search/?api=1&query=Capybara%20Cafe%20Moffu%20Harajuku%20Tokyo%20Japan,35.6715,139.705,area,
Otter cafe (Harry),Core/other,Animals,Harajuku,"Otters, hedgehogs, chinchillas",You flagged the otters; reserve ~2 weeks out,,https://www.google.com/maps/search/?api=1&query=Harry%20otter%20cafe%20Harajuku%20Tokyo%20Japan,35.6705,139.704,area,
Cat cafe (Asakusa Nekoen),Core/other,Animals,Asakusa,Rescue-cat cafe by your base,Easy low-key hour,,https://www.google.com/maps/search/?api=1&query=Asakusa%20Nekoen%20cat%20cafe%20Asakusa%20Tokyo%20Japan,35.713,139.794,area,
Mipig Cafe,Core/other,Animals,Meguro,Micro-pig petting cafe,Best-run novelty cafe; charming with a teen,,https://www.google.com/maps/search/?api=1&query=Mipig%20Cafe%20Meguro%20Tokyo%20Japan,35.633,139.716,area,
Sumida Aquarium,Core/other,Animals,Skytree,"Otters, penguins, giant salamanders",Otters in a real habitat; 10 min from Asakusa,,https://www.google.com/maps/search/?api=1&query=Sumida%20Aquarium%20Tokyo%20Skytree%20Town%20Tokyo%20Japan,35.71,139.8107,exact,
Ueno Zoo,Core/other,Animals,Ueno,Big classic zoo in the park,5 min from Asakusa; well-regarded,,https://www.google.com/maps/search/?api=1&query=Ueno%20Zoo%20Ueno%20Tokyo%20Japan,35.7166,139.7714,exact,
Omoide Yokocho,Ramen/food,Eat,Shinjuku,Smoky lantern alley of tiny counters,Ramen + yakitori + night photo + sampling in one lane,https://shinjuku-omoide.com/,https://www.google.com/maps/search/?api=1&query=Omoide%20Yokocho%20Shinjuku%20Tokyo%20Japan,35.6935,139.6995,exact,
Golden Gai,Core/other,Eat,Shinjuku,Six alleys of miniature themed bars,Richest alley photography in the city,,https://www.google.com/maps/search/?api=1&query=Golden%20Gai%20Shinjuku%20Tokyo%20Japan,35.6941,139.7045,exact,
Hoppy Street,Ramen/food,Eat,Asakusa,Open-front izakaya row,Alley dining on your doorstep,,https://www.google.com/maps/search/?api=1&query=Hoppy%20Street%20Asakusa%20Tokyo%20Japan,35.7145,139.794,exact,
Signature ramen shops,Ramen/food,Eat,Various,"Afuri yuzu shio, tonkotsu, tsukemen",Pick a famous bowl or two,,https://www.google.com/maps/search/?api=1&query=ramen%20Tokyo%20Japan,35.6812,139.7671,area,
Shin-Yokohama Ramen Museum,Ramen/food,Eat,Yokohama,Retro food hall of regional ramen,Showa-era set; rainy-day proof,,https://www.google.com/maps/search/?api=1&query=Shin-Yokohama%20Ramen%20Museum%20Yokohama%20Japan,35.5115,139.6165,exact,
Ameyoko Market,Ramen/food,Eat,Ueno,Open-air market food strip,Street food under the tracks; near Asakusa,,https://www.google.com/maps/search/?api=1&query=Ameyoko%20Market%20Ueno%20Tokyo%20Japan,35.7095,139.7745,exact,
Shibuya Crossing soundscape,Sampling,Sample,Shibuya,Field-record the scramble,"Footsteps, signals, the roar — MPC fodder",,https://www.google.com/maps/search/?api=1&query=Shibuya%20Crossing%20Shibuya%20Tokyo%20Japan,35.6595,139.7005,exact,
Station jingle hunt,Sampling,Sample,Citywide,Each JR station's departure melody,Collect a bank of jingles as you ride,,https://www.google.com/maps/search/?api=1&query=Tokyo%20Station%20Tokyo%20Japan,35.6812,139.7671,area,
Akihabara sound wall,Sampling,Sample,Akihabara,Arcade + electronics chaos,A whole sample pack in one street,,https://www.google.com/maps/search/?api=1&query=Akihabara%20Electric%20Town%20Tokyo%20Japan,35.6985,139.773,exact,
Kiyosumi Garden,Sampling,Sample,Kiyosumi,Strolling garden with ponds,"Koi, bamboo, birds — the quiet end of the set",,https://www.google.com/maps/search/?api=1&query=Kiyosumi%20Garden%20Koto%20Tokyo%20Japan,35.681,139.7975,exact,
Izu Resort Villa,Capybara,Day trip,Izu,Villa inside a capybara petting zone,Free-roaming capybaras from your room; overnight,https://izu-resort-villa.com/en/,https://www.google.com/maps/search/?api=1&query=Izu%20Resort%20Villa%20Izu%20Shizuoka%20Japan,34.83,139.07,area,
Izu day trip,Capybara,Day trip,Izu,Shaboten Zoo + coast + craft + onsen,Capybaras without the overnight — one long day,,https://www.google.com/maps/search/?api=1&query=Izu%20Shaboten%20Zoo%20Ito%20Shizuoka%20Japan,34.894,139.09,exact,
Nikko,Core/other,Day trip,Nikko,"Cedar forests, falls, lavish shrines",Best autumn color on our dates; Tobu from Asakusa,,https://www.google.com/maps/search/?api=1&query=Nikko%20Tochigi%20Japan,36.758,139.599,exact,
Hakone Open-Air Museum,Core/other,Day trip,Hakone,Sculpture park w/ Picasso pavilion,Art + onsen + Fuji odds; most on-theme trip,https://www.hakone-oam.or.jp/,https://www.google.com/maps/search/?api=1&query=Hakone%20Open-Air%20Museum%20Hakone%20Kanagawa%20Japan,35.244,139.049,exact,
Kawagoe (Little Edo),Photography,Day trip,Kawagoe,Preserved Edo warehouse streets,45 min out; film goldmine,,https://www.google.com/maps/search/?api=1&query=Kawagoe%20Kurazukuri%20Street%20Saitama%20Japan,35.925,139.485,exact,
Kawaguchiko,Photography,Day trip,Fuji Five Lakes,Postcard Fuji reflected in the lake,October = clearest Fuji odds,,https://www.google.com/maps/search/?api=1&query=Lake%20Kawaguchi%20Fujikawaguchiko%20Yamanashi%20Japan,35.517,138.753,exact,
OMO3 Asakusa by Hoshino Resorts,Hotel,Stay,Hanakawado / Asakusa,Hoshino Resorts city hotel at 1-15-5 Hanakawado with a 13th-floor lounge and rooftop terrace facing Sensō-ji and Tokyo Skytree.,"Booked for 16–25 Oct (8 nights). Two separate reviewers singled out the views — one called it among the best hotel views in Tokyo for the Sensō-ji five-story pagoda at dusk, and the rooftop terrace frames Skytree directly.",https://hoshinoresorts.com/en/hotels/omo3asakusa/,https://www.google.com/maps/search/?api=1&query=OMO3%20Asakusa%20by%20Hoshino%20Resorts%2C%20Hanakawado%2C%20Tokyo,35.7138264,139.7983176,exact,
Nakamise-dori,Core/other,Shop,Asakusa,"Historic shopping street running from Kaminarimon toward Senso-ji, lined with traditional snacks, souvenirs and small shops.","Several of the recommended ryokan sit immediately beside it, making the historic commercial streetscape part of the everyday experience rather than a separate sightseeing excursion.",https://www.asakusa-nakamise.jp/e-index.html,https://www.google.com/maps/search/?api=1&query=Nakamise%20Shopping%20Street%20Asakusa%20Tokyo,35.7126,139.7965,area,
Kaminarimon,Core/other,See,Asakusa,The iconic Thunder Gate marking the entrance to Senso-ji and Nakamise-dori.,One of the defining landmarks of the neighborhood and immediately accessible from several of the small hotels and ryokan considered for the trip.,https://www.senso-ji.jp/english/,https://www.google.com/maps/search/?api=1&query=Kaminarimon%20Asakusa%20Tokyo,35.7111,139.7964,area,
Traditional Asakusa Ryokan & Futon Stay,Core/other,Do,Asakusa,Spend one or more Tokyo nights in a tatami room sleeping on traditional Japanese futon bedding.,The useful compromise is choosing a traditional room with a private Western-style toilet and bathroom rather than sacrificing basic convenience purely for authenticity.,,https://www.google.com/maps/search/?api=1&query=Asakusa%20ryokan%20Tokyo,35.7148,139.7967,area,
Hakone Overnight Trip,Nature,Day trip,Hakone,Potential one-night excursion from Tokyo to Hakone for mountain scenery and a traditional ryokan experience.,Discussed as a better place than central Tokyo to spend money on one special traditional ryokan night. It would create a clear contrast with a simple Asakusa base.,https://www.hakonenavi.jp/international/en/,https://www.google.com/maps/search/?api=1&query=Hakone%20Kanagawa%20Japan,35.2324,139.1069,area,
Private Family Onsen / Kashikiri-buro,Onsen,Do,Hakone,A reservable private hot-spring bath used only by your party for a scheduled period.,Discussed as an alternative to gender-separated public bathing for a father traveling with a 13-year-old daughter. It removes the need for either traveler to enter a public bath alone.,,https://www.google.com/maps/search/?api=1&query=private%20kashikiri%20onsen%20Hakone%20Japan,35.2324,139.1069,area,
Ryokan with Private In-Room Onsen,Onsen,Stay,Hakone,"Traditional ryokan room with its own private hot-spring bath, sometimes outdoors on a terrace.",Discussed as the easiest onsen arrangement for an adult father and 13-year-old daughter because each person can use the bath privately at different times while still getting the full ryokan experience.,,https://www.google.com/maps/search/?api=1&query=ryokan%20private%20in-room%20onsen%20Hakone%20Japan,35.2324,139.1069,area,
Sokichi Kiriko Experience Workshop,Crafts,Do,Asakusa,Hands-on Edo Kiriko workshop where you use a grinding wheel to cut traditional geometric patterns into your own glass.,"One of the strongest craft choices for the trip because you actually work with the cutting equipment rather than simply decorate a souvenir. Sokichi's official workshop allows participants age 9+, so a 13-year-old is explicitly eligible, and beginner patterns and English-language information are available.",https://en.sokichi-workshop.com/,https://www.google.com/maps/search/?api=1&query=Sokichi%20Kiriko%20Experience%20Workshop%20Asakusa,35.7107,139.7975,area,
Sumida Edo Kiriko-kan,Crafts,Do,Kinshicho,"Working Edo Kiriko studio, shop and small exhibition where visitors can reserve a traditional glass-cutting experience.","A more workshop-oriented alternative to Sokichi where you can see professional Edo Kiriko work and then cut a glass yourself. The official site accepts workshop participants from elementary-school fourth grade, so a 13-year-old is suitable.",https://www.edokiriko.net/,https://www.google.com/maps/search/?api=1&query=Sumida%20Edo%20Kiriko-kan%202-10-9%20Taihei%20Sumida%20Tokyo,35.7007,139.8119,area,
watashino Washi Papermaking Experience,Crafts,Do,Asakusa,Hands-on workshop where you form traditional Japanese washi paper and make four postcard-sized sheets to take home.,"Unlike a paper-decorating activity, you actually perform the sheet-forming part of papermaking. It is compact enough to combine with an Asakusa day and is particularly good if you both enjoy materials, paper, drawing or printing.",https://watashino.style/en-us,https://www.google.com/maps/search/?api=1&query=watashino%201-32-11%20Asakusa%20Tokyo,35.7123,139.7971,area,
Ozu Washi,Crafts,Do,Nihonbashi,"Historic washi specialist founded in 1653 with a shop, museum, gallery and hands-on studio for making a sheet of Japanese paper.","The deeper and more historically focused washi option: you can make an A4 sheet with traditional tools, then examine regional papers and the history of the material. Particularly interesting for someone interested in art materials and fabrication rather than just souvenirs.",https://www.ozuwashi.net/en/index.html,https://www.google.com/maps/search/?api=1&query=Ozu%20Washi%203-6-2%20Nihonbashihoncho%20Tokyo,35.6903,139.7758,area,
Kumihimo Experience by DOMYO,Crafts,Do,Kagurazaka,Traditional silk-cord braiding workshop using authentic kumihimo equipment at a braiding house founded in 1652.,One of the least touristy and most technically interesting choices discussed. You learn the history of kumihimo and braid a strap or bracelet from silk thread using the same basic tools and processes associated with traditional Japanese cord making. English-language workshop plans are offered.,https://kdomyo.com/en/pages/kagurazaka-experience,https://www.google.com/maps/search/?api=1&query=Kumihimo%20Experience%20by%20DOMYO%206-75%20Kagurazaka%20Tokyo,35.7041,139.7355,area,
Aizome Museum,Crafts,Do,Kyojima,Small working indigo-dyeing museum and studio where a traditional craftsman offers reservation-only tenugui indigo-dyeing experiences.,"A particularly authentic option: this is a working Sumida craft studio rather than a generic tourist class. You can see traditional indigo-dyed yukata, hanten, carved stencils and tools and arrange a hands-on tenugui dyeing experience. The workshop actively teaches indigo dyeing to school groups, making it a strong candidate for a 13-year-old, though no specific minimum age was found.",https://www.city.sumida.lg.jp/sangyo_jigyosya/sangyo/pr_brand_hyousyo/sumida3m/tiiki/hokubu/aizome.html,https://www.google.com/maps/search/?api=1&query=Aizome%20Museum%201-29-1%20Kyojima%20Sumida%20Tokyo,35.7176,139.8204,area,
somenova,Crafts,Do,Nihonbashi,"Dyeing workshop operated by Miyakozome's dye manufacturer, whose business dates to 1890, offering hands-on Japanese textile-dyeing experiences.","A more structured and accessible alternative to the tiny Aizome Museum, with multiple dyeing techniques and projects. A current furoshiki shibori-style dyeing workshop is scheduled through January 2027; a third-party booking source lists it as unsuitable only for children under 5, so age 13 is appropriate for that specific program.",https://www.katsuraya-fg.com/somenova/,https://www.google.com/maps/search/?api=1&query=somenova%2014-7%20Nihonbashi%20Kobunacho%20Tokyo,35.6868,139.7796,area,
Tsukada Kobo,Crafts,Do,Mukojima,Seventh-generation Edo kimekomi doll workshop where visitors can learn the traditional technique of pressing patterned fabric into precisely cut grooves.,Founded in 1841 and still a working doll atelier. We discussed its newer sumo-wrestler experience as especially fun because it combines a serious traditional technique with an amusing object to take home; the studio also offers traditional owl kimekomi workshops. No specific minimum age was confirmed.,,https://www.google.com/maps/search/?api=1&query=Tsukada%20Kobo%202-11-7%20Mukojima%20Sumida%20Tokyo,35.7154,139.8068,area,
Tanaka Sudare,Crafts,Do,Senzoku,"Meiji-era Edo sudare workshop where visitors can watch traditional bamboo-blind production and weave a coaster, mat or other small sudare piece.","One of the most appealing options if you want an actual working craftsman's shop rather than a polished tourist workshop. You manipulate the bamboo and weighted weaving tools yourself and leave with the object you made. The studio explicitly accepts educational visits by children and a current booking listing allows participants from age 6, so age 13 is suitable.",https://www.handicrafts.co.jp/original23.html,https://www.google.com/maps/search/?api=1&query=Tanaka%20Sudare%201-18-6%20Senzoku%20Taito%20Tokyo,35.7213,139.7908,area,
Tsumami-zaiku / Kanzashi Workshop,Crafts,Do,Asakusabashi,Traditional craft experience folding and pinching tiny squares of fabric into flowers used for Japanese kanzashi hair ornaments.,"Fine, precise handwork that seemed particularly appropriate for a capable 13-year-old: the technique uses tweezers to transform small fabric pieces into surprisingly elaborate floral forms. We discussed the craft and Asakusabashi as the place to look for it, but did not identify a specific verified workshop operator, so the location remains area-level.",,https://www.google.com/maps/search/?api=1&query=Tsumami%20Zaiku%20workshop%20Asakusabashi%20Tokyo,35.6974,139.7855,area,
Kintsugi Tsugu Tsugu Ebisu Studio,Crafts,Do,Ebisu,Dedicated kintsugi studio teaching Japanese techniques for visibly repairing broken ceramics with lacquer and metallic finishes.,"Conceptually one of the most interesting crafts discussed because the repair becomes part of the object's design. Tsugu Tsugu teaches both traditional urushi-based kintsugi and shorter kintsugi-style experiences. We noted that tourist kintsugi classes vary substantially in authenticity, so the specific course should be checked before booking. No minimum age for the relevant October workshop was confirmed.",https://kintsugi-kit.com/,https://www.google.com/maps/search/?api=1&query=Kintsugi%20Tsugu%20Tsugu%202-21-2%20Ebisu%20Tokyo,35.6445,139.7168,area,
Edo Taito Traditional Crafts Center,Crafts,See,Asakusa,"Free traditional-crafts center displaying hundreds of examples of Tokyo handicrafts, with regular artisan demonstrations and occasional hands-on programs.","Useful as the overview stop for the entire craft theme, especially if staying in Asakusa. It lets you see dozens of craft traditions before or after doing one yourself, and weekend demonstrations provide a chance to watch working craftspeople rather than only finished objects.",https://craft.city.taito.lg.jp/en/kogeikan/,https://www.google.com/maps/search/?api=1&query=Edo%20Taito%20Traditional%20Crafts%20Center%202-22-13%20Asakusa%20Tokyo,35.7172,139.7945,area,
Texas 3000 at Shibuya CLUB QUATTRO — Oct 17,Rock/live,See,Shibuya,"Texas 3000 with Kaneko Ayano and Qiezi Mabo, live Oct. 17, 2026.",Contemporary Japanese alternative rock with three acts; 13-year-old admission is explicitly permitted with a ticket.,https://www.club-quattro.com/shibuya/,https://www.google.com/maps/search/?api=1&query=Shibuya%20CLUB%20QUATTRO%20Tokyo,35.6609,139.6978,exact,
HERO COMPLEX at Zepp DiverCity — Oct 18,Rock/live,See,Odaiba,"High-energy Japanese melodic punk/rock show on Oct. 18, 2026.","One of the strongest choices for a young rock drummer: fast, energetic punk with prominent live drums.",https://www.zepp.co.jp/hall/divercity/,https://www.google.com/maps/search/?api=1&query=Zepp%20DiverCity%20Tokyo,35.6246,139.7756,exact,
Harukamirai at Shimokitazawa SHELTER — Oct 20,Rock/live,See,Shimokitazawa,"Harukamirai playing a small live-house rock show on Oct. 20, 2026.",Probably the most authentic small Tokyo rock-club experience of the options: energetic Japanese punk/rock in the legendary tiny SHELTER.,https://www.loft-prj.co.jp/SHELTER/,https://www.google.com/maps/search/?api=1&query=Shimokitazawa%20SHELTER%20Tokyo,35.6602,139.6682,exact,
TAMTAM at Moon Romantic — Oct 21,Rock/live,See,Aoyama,"TAMTAM with Takoashi Earphones and Tokyo Shiokoji on Oct. 21, 2026.","A more experimental and groove-oriented alternative to straight rock, with particularly interesting percussion and rhythm.",https://www.moonromantic.com/,https://www.google.com/maps/search/?api=1&query=Moon%20Romantic%20Aoyama%20Tokyo,35.6655,139.7126,exact,
Doona + SATOH at Shibuya eggman — Oct 23,Rock/live,See,Shibuya,"Young Tokyo rock band Doona with SATOH, live Oct. 23, 2026.",A contemporary small-club Tokyo rock experience rather than an established legacy act.,https://eggman.jp/,https://www.google.com/maps/search/?api=1&query=Shibuya%20eggman%20Tokyo,35.6624,139.6972,exact,
THE SIXTH LIE at Harajuku RUIDO — Oct 23,Rock/live,See,Harajuku,"THE SIXTH LIE live at Harajuku RUIDO on Oct. 23, 2026.","Electronic/cinematic Japanese rock in a small venue; the event explicitly permits school-age children, so a 13-year-old can attend.",https://ruido.org/harajuku/,https://www.google.com/maps/search/?api=1&query=Harajuku%20RUIDO%20Tokyo,35.6696,139.7058,exact,
Yanaka Ginza,Capybara,See,Yanaka,"Traditional shopping street famous for its resident cats, cat-themed shops, and old-Tokyo atmosphere.","The cat neighborhood — stray cats lounging on rooftops, cat sculptures, cat-shaped snacks. Pairs perfectly with nearby Nezu Shrine for a quiet Yanaka half-day.",,https://www.google.com/maps/search/?api=1&query=Yanaka%20Ginza%20Tokyo,35.7267,139.7628,exact,
Tokyo Metropolitan Government Building,View,See,Shinjuku,"Free observation decks at 202m in Tange's iconic twin towers, with panoramic views of Tokyo and Mt. Fuji on clear days.","The free alternative to paid observation decks — same height as Shibuya Sky, zero cost. Best at sunset or after dark. October has good Fuji visibility odds.",https://www.yokoso.metro.tokyo.lg.jp/,https://www.google.com/maps/search/?api=1&query=Tokyo%20Metropolitan%20Government%20Building%20Shinjuku,35.6896,139.6917,exact,
Momotaro Jeans Aoyama,Menswear,Shop,Aoyama,"Flagship store for Momotaro's premium Japanese selvedge denim, known for the peach logo and Zimbabwe cotton.","The flagship experience for one of Japan's top denim brands — proper fitting, full range of cuts, and staff who know raw denim. The pink inseam stitching is iconic.",https://momotarojeans.net/,https://www.google.com/maps/search/?api=1&query=Momotaro%20Jeans%20Aoyama%20Tokyo,35.6647,139.7128,exact,
Pure Blue Japan Harajuku,Menswear,Shop,Harajuku,"Cult Japanese denim brand specializing in slubby, textured selvedge with dramatic fading potential.","PBJ's signature XX fabric is some of the most interesting denim made anywhere — heavy slub, electric blue weft, and fades that look hand-painted after a year of wear.",https://purebluejapan.jp/,https://www.google.com/maps/search/?api=1&query=Pure%20Blue%20Japan%20Harajuku%20Tokyo,35.6702,139.7054,area,
Kapital Ebisu,Menswear,Shop,Ebisu,"Multi-floor flagship for Kapital's patchwork denim, boro-inspired pieces, and Americana-meets-Japan aesthetic.","Not just jeans — Kapital is a whole world of sashiko stitching, century denim, and pieces that look like they survived a hundred years of wear. The Ebisu store is the full experience.",https://www.kapital.jp/,https://www.google.com/maps/search/?api=1&query=Kapital%20Ebisu%20Tokyo,35.6465,139.7139,exact,
Azabudai Hills Sky Lobby,View,See,Azabudai,"Free 34th-floor Sky Lobby in Tokyo's newest skyscraper (2023), with floor-to-ceiling windows and Tokyo Tower views.","Brand new, free, and uncrowded compared to the big-name observation decks. The Tokyo Tower framing is particularly good — it's right there at eye level. Pairs with the teamLab Borderless that moved here.",https://www.azabudai-hills.com/,https://www.google.com/maps/search/?api=1&query=Azabudai%20Hills%20Mori%20JP%20Tower%20Tokyo,35.6594,139.7387,exact,
cafe capyba ASAKUSA,Capybara,Animals,Asakusa,"Dedicated capybara cafe where you can sit with, pet, photograph, and feed capybaras.","One of the easiest dedicated capybara experiences to combine with an Asakusa day, with unusually close interaction.",https://cspace.co.jp/,https://www.google.com/maps/search/?api=1&query=cafe%20capyba%20ASAKUSA%20Taito%20Tokyo,35.7187,139.7918,area,
Capyneko Cafe Harajuku,Capybara,Animals,Harajuku,Animal cafe where capybaras and cats live and interact together.,The unusual combination of capybaras and cats makes this substantially different from either a normal cat cafe or capybara cafe.,https://capyneko.cafe/,https://www.google.com/maps/search/?api=1&query=Capyneko%20Cafe%20Harajuku%20Jingumae%20Tokyo,35.6712,139.7046,area,
Capyneko Cafe Kichijoji,Capybara,Animals,Kichijoji,"The original Capyneko location, combining free-roaming cats with a capybara in the same space.",A particularly unusual animal interaction and an easy addition to a Kichijoji and Inokashira Park day.,https://capyneko.cafe/,https://www.google.com/maps/search/?api=1&query=Capyneko%20Cafe%20Kichijoji%20Tokyo,35.7029,139.5796,area,
CAPPINESS Oshiage,Capybara,Animals,Oshiage,"Reservation-only capybara interaction space with three capybaras, feeding, photos, and an indoor capybara bath.","Close to Tokyo Skytree and Asakusa and designed specifically around extended, small-group capybara interaction.",https://cappiness.jp/capybara_cafe/cappiness_oshiage,https://www.google.com/maps/search/?api=1&query=CAPPINESS%20Oshiage%20Tokyo,35.7138,139.8123,area,
capybaraonsen moffu tokyo,Capybara,Animals,Harajuku,"Compact Harajuku capybara cafe where visitors can pet, feed, and photograph capybaras at very close range.",Extremely convenient if already exploring Takeshita Street and centered almost entirely on direct capybara interaction.,,https://www.google.com/maps/search/?api=1&query=capybaraonsen%20moffu%20tokyo%20Harajuku,35.6711,139.7047,area,
Fennec House Harajuku,Animals,Animals,Harajuku,Small interaction space devoted specifically to fennec foxes.,"Fennecs are far less commonly encountered than the cats, dogs, pigs, and hedgehogs found at most Tokyo animal cafes.",https://fennechouse.com/,https://www.google.com/maps/search/?api=1&query=Fennec%20House%20Harajuku%20Tokyo,35.6715,139.7058,area,
mipig cafe Harajuku,Animals,Animals,Harajuku,Indoor cafe built around spending time with free-roaming micro pigs.,The pigs actively interact with visitors and the experience is more hands-on than simply viewing animals.,https://mipig.cafe/,https://www.google.com/maps/search/?api=1&query=mipig%20cafe%20Harajuku%20Tokyo,35.6708,139.7044,area,
Chiku Chiku Cafe,Animals,Animals,Shibuya,Hedgehog cafe where individual hedgehogs occupy miniature dollhouse-like environments and can be handled.,The miniature-room setup makes it considerably more visually distinctive than a standard small-animal cafe.,https://hedgehoghome.cafe/,https://www.google.com/maps/search/?api=1&query=Chiku%20Chiku%20Cafe%20Shibuya%20Tokyo,35.6606,139.7057,area,
Yadorigi Cafe & Restaurant,Animals,Animals,Yanaka,Cat cafe and restaurant centered around rescue cats rather than the usual purpose-bred cat-cafe format.,Combines an actual cafe and meal experience with cats and fits naturally into a walk through Yanaka.,https://www.yadorigicafe.com/,https://www.google.com/maps/search/?api=1&query=Yadorigi%20Cafe%20Yanaka%20Tokyo,35.7278,139.7669,area,
pignic cafe Kichijoji,Animals,Animals,Kichijoji,"Private-room micro-pig cafe beside Inokashira Park, with some sessions offering walks with a pig in the park.",The private rooms and seasonal pig-walking experience make it much more unusual than a standard micro-pig cafe.,https://cafe.pignic.jp/en/shop/kichijoji,https://www.google.com/maps/search/?api=1&query=pignic%20cafe%20Kichijoji%20Tokyo,35.7008,139.5787,area,
Samoyed Cafe moffu Harajuku,Animals,Animals,Harajuku,"Dog cafe devoted specifically to large, fluffy Samoyeds.",A room full of Samoyeds is a much more specific and memorable experience than a conventional dog cafe.,,https://www.google.com/maps/search/?api=1&query=Samoyed%20Cafe%20moffu%20Harajuku%20Tokyo,35.6711,139.7047,area,
Torinoirukafe Yanaka Honten,Animals,Animals,Yanaka,"Bird cafe specializing in owls and other birds, with close-up viewing and interaction.",A useful contrast to mammal cafes and particularly convenient when exploring Yanaka and the Ueno side of Tokyo.,,https://www.google.com/maps/search/?api=1&query=Torinoirukafe%20Yanaka%20Honten%20Tokyo,35.7278,139.7669,area,
Harajuku Kawaii Zoo Land,Animals,Animals,Harajuku,"Mixed-animal interaction venue featuring a changing collection that can include capybaras, meerkats, fennecs, ferrets, hedgehogs, and other small animals.",One stop provides access to several unusual species instead of specializing in only one animal.,,https://www.google.com/maps/search/?api=1&query=Harajuku%20Kawaii%20Zoo%20Land%20Tokyo,35.6714,139.7048,area,
